No,名前,ふりがな,ユーザ名,パスワード,アドレス,性別,年齢,誕生日,婚姻,血液型,都道府県,電話番号,携帯
1001,和田 涼,わだ りょう,wada_ryou,pahK1mee,wada_ryou@example.com,女,31,2月27日,既婚,O型,長野県,020-191-8398,090-6894-8766
1002,小田 俊介,おだ しゅんすけ,oda_shunsuke,OGai4ree,oda_shunsuke@example.com,男,29,11月23日,既婚,A型,鹿児島県,044-880-1638,090-3717-2471
1003,橋本 優,はしもと ゆう,hashimoto_yuu,suo2Zahd,hashimoto_yuu@example.com,女,34,5月24日,既婚,A型,長崎県,011-854-4405,090-6840-3940
1004,大浦 沙知絵,おおうら さちえ,ooura_sachie,Thietoo2,ooura_sachie@example.com,女,65,6月28日,既婚,O型,愛知県,010-416-5898,(080)1500-7849
1005,本橋 隆,もとはし たかし,motohashi_takashi,iThaej5J,motohashi_takashi@example.com,男,77,3月19日,既婚,O型,鹿児島県,018-854-9943,080-6606-8990
1006,松尾 憲史,まつお のりひと,matsuo_norihito,ahFoo9Oo,matsuo_norihito@example.com,男,65,8月8日,既婚,A型,大阪府,028- 21- 165,090-6240-7537
1007,大谷 晴臣,おおたに はるおみ,ootani_haruomi,Iuwah3oh4V,ootani_haruomi@example.com,男,42,4月30日,未婚,B型,茨城県,026-424- 183,080-7433-3220
1008,清水 メイサ,しみず めいさ,shimizu_meisa,unoRi7xu,shimizu_meisa@example.com,女,48,1月15日,既婚,A型,大阪府,019-211-6794,080-4106-1228
1009,とよた 小雁,とよた こがん,toyota_kogan,peeCh6oo,toyota_kogan@example.com,男,50,2月18日,既婚,A型,岡山県,028-478-8350,090-1966-5971
1010,高岡 恵子,たかおか けいこ,takaoka_keiko,beeroh5E,takaoka_keiko@example.com,女,43,12月6日,既婚,A型,鹿児島県,027-400-4981,080- 498-5759
1011,米谷 恵美,よねや めぐみ,yoneya_megumi,reiVuWi9,yoneya_megumi@example.com,女,27,1月24日,既婚,A型,福島県,03(3691)4303,090- 330-3814
1012,瀬戸内 さとみ,せとうち さとみ,setouchi_satomi,xae1OoGo,setouchi_satomi@example.com,女,23,12月5日,既婚,B型,滋賀県,085-795-6865,090-5898-4573
1013,飛田 隆太,ひだ りゅうた,hida_ryuuta,eilahp9e,hida_ryuuta@example.com,男,31,8月19日,既婚,A型,神奈川県,091-967-8105,080- 202-8281
1014,田口 涼,たぐち りょう,taguchi_ryou,waepi7Vu,taguchi_ryou@example.com,女,32,10月1日,既婚,B型,香川県,062-259-4811,(090)8715-5822
1015,勝又 直人,かつまた なおと,katsumata_naoto,eeB9ahoh,katsumata_naoto@example.com,男,72,7月6日,既婚,B型,大阪府,0 4- 97-8099,090-4963-5914
1016,稲葉 遥,いなば はるか,inaba_haruka,Eifor8H,inaba_haruka@example.com,女,61,8月16日,既婚,O型,東京都,017-886-5312,080-2083-7386
1017,長谷 法嗣,ながや ほうし,nagaya_houshi,eil3SheF,nagaya_houshi@example.com,男,49,1月9日,既婚,O型,静岡県,055- 81-8943,090-8918-1871
1018,柳家 裕司,やなぎや ゆうじ,yanagiya_yuuji,Zei7eeSh,yanagiya_yuuji@example.com,男,41,3月24日,未婚,A型,佐賀県,012-425- 995,090-6209-5031
1019,平井 守,ひらい まもる,hirai_mamoru,seeV8cha,hirai_mamoru@example.com,男,53,5月1日,既婚,A型,東京都,029-999-1957,080-2057-8085
1020,奥山 圭,おくやま けい,okuyama_kei,nai2OJai,okuyama_kei@example.com,男,75,7月8日,既婚,B型,栃木県,072-564-2412,(080)3294-2779
1021,井原 一樹,いはら かずき,ihara_kazuki,phet8Ian,ihara_kazuki@example.com,男,49,3月3日,既婚,A型,大阪府,06(8379)7374,080-6591- 718
1022,三谷 早紀,みたに さき,mitani_saki,Oot4ibai,mitani_saki@example.com,女,72,3月4日,既婚,O型,神奈川県,054-172-5103,080- 950-8827
1023,藤田 明,ふじた あきら,fujita_akira,xeizi2Ie,fujita_akira@example.com,男,53,8月24日,既婚,A型,福島県,076-846- 607,090-1121-9362
1024,小幡 ケンイチ,おばた けんいち,obata_kenichi,Eich8ohw,obata_kenichi@example.com,男,33,4月17日,既婚,O型,愛知県,070- 36-6109,080-9247-7716
1025,岩村 砂羽,いわむら さわ,iwamura_sawa,EitieW8v,iwamura_sawa@example.com,女,46,12月27日,既婚,B型,静岡県,052(298)7175,080-3360-6847,
1026,沼田 芳正,ぬまた よしまさ,numata_yoshimasa,Eixaipha,numata_yoshimasa@example.com,男,25,4月11日,既婚,O型,島根県,058-974-8195,090-8728-3828
1027,福山 美佐,ふくやま みさ,fukuyama_misa,PhohM0me,fukuyama_misa@example.com,女,26,1月22日,未婚,O型,鹿児島県,039-953-2299,080-3692-5273
1028,二宮 健,にのみや けん,ninomiya_ken,shoeru2A,ninomiya_ken@example.com,男,30,3月16日,未婚,O型,長野県,092-490-5496,090-2830-6037
1029,平川 千佳子,ひらかわ ちかこ,hirakawa_chikako,haiv9aRa,hirakawa_chikako@example.com,女,40,11月28日,既婚,AB型,愛媛県,031-111-2759,080-7021-6120
1030,水嶋 聡,みずしま さとし,mizushima_satoshi,hooGh6ei,mizushima_satoshi@example.com,男,37,6月29日,既婚,A型,山形県,026-330-2493,090-2794- 322
1031,内藤 高史,ないとう たかし,naitou_takashi,yei3ooRo,naitou_takashi@example.com,男,49,12月8日,既婚,B型,北海道,097- 60-9862,080-1643-7564
1032,田尻 遥,たじり はるか,tajiri_haruka,koo0Ailu,tajiri_haruka@example.com,女,77,1月29日,既婚,A型,愛知県,022-908-7032,090-4550-8943
1033,今川 春樹,いまがわ はるき,imagawa_haruki,Jeeg9oow,imagawa_haruki@example.com,女,40,12月15日,既婚,O型,愛知県,025-952- 501,080-6788-8104
1034,綾小路 由美子,あやのこうじ ゆみこ,ayanokouji_yumiko,shu3gooj,ayanokouji_yumiko@example.com,女,64,1月13日,既婚,O型,大阪府,062- 24- 842,090-8995-4841
1035,波多野 晃司,はたの こうじ,hatano_kouji,iebo2Doh,hatano_kouji@example.com,男,31,2月22日,既婚,A型,長崎県,041-892-8133,080- 786-4489
1036,松本 陽介,まつもと ようすけ,matsumoto_yousuke,aid0Eego,matsumoto_yousuke@example.com,男,51,2月19日,既婚,O型,神奈川県,055-322-4983,090-5347-1186
1037,平岡 慎之介,ひらおか しんのすけ,hiraoka_shinnosuke,dooSh4ah,hiraoka_shinnosuke@example.com,男,31,9月1日,既婚,O型,愛知県,019-927-9968,090-7238-4493
1038,志田 さやか,しだ さやか,shida_sayaka,tieX0shi,shida_sayaka@example.com,女,28,11月16日,既婚,A型,大阪府,078-861-1052,080-2941-3878
1039,堀北 直人,ほりきた なおと,horikita_naoto,ahtae7Ah,horikita_naoto@example.com,男,75,3月10日,既婚,A型,福岡県,062-324-1870,090-1221-2026
,森田 サンタマリア,もりた さんたまりあ,morita_stmaria,ahPhir2l,morita_stmaria@example.com,女,66,5月20日,既婚,A型,東京都,076-303-2248,080- 907-5238
1041,岡部 菜摘,おかべ なつみ,okabe_natsumi,Jee1eeZ,okabe_natsumi@example.com,女,43,4月3日,未婚,A型,埼玉県,074-824-1003,080-9989-1783
1042,植村 芳正,うえむら よしまさ,uemura_yoshimasa,aheil0Ie,uemura_yoshimasa@example.com,男,43,6月29日,既婚,A型,大阪府,068-490-9854,090-1085-7435
1043,,いいの たかし,iino_takashi,eC9Phish,iino_takashi@example.com,男,78,12月24日,既婚,B型,埼玉県,028-657- 562,090-2006-1914
1044,石坂 きみまろ,いしざか きみまろ,ishizaka_kimimaro,Aezayo8r,ishizaka_kimimaro@example.com,男,63,12月10日,既婚,A型,茨城県,031-307-9241,080-9086-6052
1045,榊原 由美子,さかきばら ゆみこ,sakakibara_yumiko,bu4Weedi,sakakibara_yumiko@example.com,女,42,2月18日,既婚,O型,鹿児島県,052-275-4218,080-5117-6476
1046,東 惇,ひがし あつし,higashi_atsushi,iivora6H,higashi_atsushi@example.com,男,51,4月30日,既婚,O型,茨城県,080-830-2302,080-4546-9280
1047,角 敦,すみ あつし,sumi_atsushi,Eef8Eoth,sumi_atsushi@example.com,男,36,8月27日,既婚,B型,広島県,016-538-1553,080-5210-7185
1048,池内 景子,いけうち けいこ,ikeuchi_keiko,iewi9ahT,ikeuchi_keiko@example.com,女,71,9月3日,既婚,A型,東京都,03(7650)9777,080-1685-4649
1049,川西 一哉,かわにし かずや,kawanishi_kazuya,ciu1AiSh,kawanishi_kazuya@example.com,男,37,4月19日,既婚,B型,愛知県,046-342-4729,090-5255-8575
1050,奈良 竜也,なら たつや,nara_tatsuya,Ohfeijoh,nara_tatsuya@example.com,男,69,9月19日,既婚,A型,福島県,058-344-5926,080-2483-7501
